{
  "_comment1": "Note: When editing this file, do not alter the patch data; only set the 'apply' field appropriately.",
  "_comment2": "Note: When applying additional patches, make sure the address matches the in-memory value where the",
  "_comment3": "patch is supplied, not the location within the EXE file.  To convert, add 0x400000 to the location within the EXE.",

  "patches": [
    {
      "name": "Sniper fix",
      "apply": "true",
      "changes": [
        {
          "offset": "8a6c4c",
          "patch": "6c"
        }
      ]
    },
    {
      "name": "Burst bug fix",
      "apply": "true",
      "changes": [
        {
          "offset": "61959b",
          "patch": "01"
        }
      ]
    },
    {
      "name": "Music blocked fix",
      "apply": "true",
      "changes": [
        {
          "offset": "4d0487",
          "patch": "00"
        },
        {
          "offset": "4fb548",
          "patch": "00"
        },
        {
          "offset": "683be8",
          "patch": "00"
        }
      ]
    },
    {
      "name": "Tag name fix",
      "apply": "true",
      "changes": [
        {
          "offset": "4f6857",
          "patch": "56"
        } 
      ]
    },
    {
      "name": "doNightPerson fix",
      "apply": "false",
      "changes": [
        {
          "offset": "57c7bf",
          "patch": "909090909090"
        }
      ]
    },
    {
      "name": "Team Player/Loner fix",
      "apply": "true",
      "changes": [
        {
          "offset": "571f9e",
          "patch": "809a89"
        },
        {
          "offset": "57cbb5",
          "patch": "89"
        },
        {
          "offset": "57ce4c",
          "patch": "e9b0020000"
        },
        {
          "offset": "57ced8",
          "patch": "e9540a000090747b9090"
        },
        {
          "offset": "57cf59",
          "patch": "eb7f399ed60e00007477"
        },
        {
          "offset": "57d101",
          "patch": "c64424140166397cc806e941fdffff"
        },
        {
          "offset": "57d931",
          "patch": "8a442414399ed20e0000e99ef5ffff"
        }
      ]
    },
    {
      "name": "Color character portraits",
      "apply": "true",
      "changes": [
        {
          "offset": "4bc8c4",
          "patch": "D905A0DE8B00D9059CDE8B008B863F0100008D4DC451EB45"
        },
        {
          "offset": "4bc93b",
          "patch": "D80598D57F00D9C0D9C08B863F0100008D55C452EB41"
        },
        {
          "offset": "745eb4",
          "patch": "9090"
        },
        {
          "offset": "718ba8",
          "patch": "d9c0d9c08d44e41cd95ce420d95ce424c605b7e08b0001d95ce41c508b8efa000000eb5f"
        }
      ]
    }
  ]
}